/*
SQLyog Ultimate v8.32 
MySQL - 5.5.36 : Database - music
*********************************************************************
*/

/*!40101 SET NAMES utf8 */;

/*!40101 SET SQL_MODE=''*/;

/*!40014 SET @OLD_UNIQUE_CHECKS=@@UNIQUE_CHECKS, UNIQUE_CHECKS=0 */;
/*!40014 SET @OLD_FOREIGN_KEY_CHECKS=@@FOREIGN_KEY_CHECKS, FOREIGN_KEY_CHECKS=0 */;
/*!40101 SET @OLD_SQL_MODE=@@SQL_MODE, SQL_MODE='NO_AUTO_VALUE_ON_ZERO' */;
/*!40111 SET @OLD_SQL_NOTES=@@SQL_NOTES, SQL_NOTES=0 */;
CREATE DATABASE /*!32312 IF NOT EXISTS*/`music` /*!40100 DEFAULT CHARACTER SET utf8 */;

USE `music`;

/*Table structure for table `admin` */

DROP TABLE IF EXISTS `admin`;

CREATE TABLE `admin` (
  `id` int(11) NOT NULL AUTO_INCREMENT,
  `name` varchar(255) DEFAULT NULL,
  `password` varchar(255) DEFAULT NULL,
  PRIMARY KEY (`id`)
) ENGINE=InnoDB AUTO_INCREMENT=2 DEFAULT CHARSET=utf8;

/*Data for the table `admin` */

insert  into `admin`(`id`,`name`,`password`) values (1,'xuan','20020626');

/*Table structure for table `collect` */

DROP TABLE IF EXISTS `collect`;

CREATE TABLE `collect` (
  `id` int(11) NOT NULL AUTO_INCREMENT,
  `user_id` int(11) DEFAULT NULL,
  `type` tinyint(1) DEFAULT NULL,
  `song_id` int(11) DEFAULT NULL,
  `song_list_id` int(11) DEFAULT NULL,
  `create_time` datetime DEFAULT NULL,
  PRIMARY KEY (`id`)
) ENGINE=InnoDB AUTO_INCREMENT=34 DEFAULT CHARSET=utf8;

/*Data for the table `collect` */

insert  into `collect`(`id`,`user_id`,`type`,`song_id`,`song_list_id`,`create_time`) values (10,2,0,3,NULL,'2023-03-17 17:25:55'),(16,2,0,2,NULL,'2023-03-17 22:05:21'),(18,2,0,4,NULL,'2023-03-19 16:38:48'),(19,2,0,5,NULL,'2023-03-19 19:10:15'),(29,6,0,2,NULL,'2023-04-05 17:27:35'),(31,6,0,11,NULL,'2023-06-04 16:10:22'),(33,6,0,12,NULL,'2023-06-04 16:14:35');

/*Table structure for table `comment` */

DROP TABLE IF EXISTS `comment`;

CREATE TABLE `comment` (
  `id` int(11) NOT NULL AUTO_INCREMENT,
  `user_id` int(11) DEFAULT NULL,
  `type` tinyint(1) DEFAULT NULL,
  `song_id` int(11) DEFAULT NULL,
  `song_list_id` int(11) DEFAULT NULL,
  `content` varchar(255) DEFAULT NULL,
  `create_time` datetime DEFAULT NULL,
  `up` int(11) DEFAULT NULL,
  PRIMARY KEY (`id`)
) ENGINE=InnoDB AUTO_INCREMENT=5 DEFAULT CHARSET=utf8;

/*Data for the table `comment` */

insert  into `comment`(`id`,`user_id`,`type`,`song_id`,`song_list_id`,`content`,`create_time`,`up`) values (1,1,0,1,NULL,'你的妈妈也许温柔 也许软弱 也许不讲理 但不管她认识你多久 她不懂你都是正常的 因为她一辈子都生活在她的圈子和阶层里 她没机会去见你见过的世界 没机会去体验你有幸体验的人生 所以你应该努力变优秀 并且对她有耐心 然后带她去见识更大的世界 而不是站在她有限的认知的外 指责她的无知和狭隘','2023-03-04 17:00:26',NULL),(2,6,0,2,NULL,'你的妈妈也许温柔 也许软弱 也许不讲理 但不管她认识你多久 她不懂你都是正常的 因为她一辈子都生活在她的圈子和阶层里 她没机会去见你见过的世界 没机会去体验你有幸体验的人生 所以你应该努力变优秀 并且对她有耐心 然后带她去见识更大的世界 而不是站在她有限的认知的外 指责她的无知和狭隘','2023-03-21 11:39:17',8),(3,6,0,7,NULL,'好听','2023-06-04 16:07:03',NULL),(4,6,0,14,NULL,'66','2023-06-05 11:04:12',NULL);

/*Table structure for table `consumer` */

DROP TABLE IF EXISTS `consumer`;

CREATE TABLE `consumer` (
  `id` int(11) NOT NULL AUTO_INCREMENT,
  `username` varchar(255) DEFAULT NULL,
  `password` varchar(255) DEFAULT NULL,
  `sex` tinyint(1) DEFAULT NULL,
  `phone_num` char(15) DEFAULT NULL,
  `email` char(30) DEFAULT NULL,
  `birth` datetime DEFAULT NULL,
  `introduction` varchar(255) DEFAULT NULL,
  `location` varchar(255) DEFAULT NULL,
  `avator` varchar(255) DEFAULT NULL,
  `create_time` datetime DEFAULT NULL,
  `update_time` datetime DEFAULT NULL,
  PRIMARY KEY (`id`)
) ENGINE=InnoDB AUTO_INCREMENT=7 DEFAULT CHARSET=utf8;

/*Data for the table `consumer` */

insert  into `consumer`(`id`,`username`,`password`,`sex`,`phone_num`,`email`,`birth`,`introduction`,`location`,`avator`,`create_time`,`update_time`) values (6,'彦神','653ce0b1c03abc09322d7d1a0761f761',1,'null','null','2002-04-24 00:00:00','','','/img/avatorImages/user.jpg','2023-03-20 11:35:01','2023-03-20 11:55:57');

/*Table structure for table `list_song` */

DROP TABLE IF EXISTS `list_song`;

CREATE TABLE `list_song` (
  `id` int(11) NOT NULL AUTO_INCREMENT,
  `song_id` int(11) DEFAULT NULL,
  `song_list_id` int(11) DEFAULT NULL,
  PRIMARY KEY (`id`)
) ENGINE=InnoDB AUTO_INCREMENT=3 DEFAULT CHARSET=utf8;

/*Data for the table `list_song` */

insert  into `list_song`(`id`,`song_id`,`song_list_id`) values (1,2,1),(2,14,1);

/*Table structure for table `rank` */

DROP TABLE IF EXISTS `rank`;

CREATE TABLE `rank` (
  `id` int(11) NOT NULL AUTO_INCREMENT,
  `song_list_id` int(11) DEFAULT NULL,
  `consumer_id` int(11) DEFAULT NULL,
  `score` int(11) DEFAULT NULL,
  PRIMARY KEY (`id`)
) ENGINE=InnoDB AUTO_INCREMENT=9 DEFAULT CHARSET=utf8;

/*Data for the table `rank` */

insert  into `rank`(`id`,`song_list_id`,`consumer_id`,`score`) values (1,1,2,10),(2,1,2,10),(3,1,2,8),(4,1,2,10),(5,1,2,9),(6,1,2,10),(7,1,2,10),(8,1,6,10);

/*Table structure for table `singer` */

DROP TABLE IF EXISTS `singer`;

CREATE TABLE `singer` (
  `id` int(11) NOT NULL AUTO_INCREMENT,
  `name` varchar(255) DEFAULT NULL,
  `sex` tinyint(1) DEFAULT NULL,
  `pic` varchar(255) DEFAULT NULL,
  `birth` datetime DEFAULT NULL,
  `location` varchar(255) DEFAULT NULL,
  `introduction` varchar(255) DEFAULT NULL,
  PRIMARY KEY (`id`)
) ENGINE=InnoDB AUTO_INCREMENT=11 DEFAULT CHARSET=utf8;

/*Data for the table `singer` */

insert  into `singer`(`id`,`name`,`sex`,`pic`,`birth`,`location`,`introduction`) values (1,'赵雷',1,'/img/singerPic/1678266134857800.jpg','1986-07-20 09:00:00','北京','赵雷是一位85后的音乐创作者，他的音乐有着20世纪90年代的味道。在专辑《赵小雷》中，赵雷的表现自如了许多。他的创作特点，继承了20世纪80年代至90年代那些民谣歌手的特点，比如张楚、万晓利、杭天等等。歌词完全生活化，而旋律也经常从口语化的韵律中延伸出来，所以会形成一种词与曲不可分隔的一体感。更重要的是，赵雷的作品里虽然也有姑娘、远方之类的词汇，但却并不僵化与那些标准的中国民谣词汇里。'),(3,'王菲',0,'/img/singerPic/1679222982300王菲.jpg','1969-08-08 00:00:00','北京','华语流行乐女歌手、演员，中国国家一级演员。1989年，推出首张个人专辑《王靖雯》，从而在中国香港乐坛正式出道。1992年，凭借歌曲《容易受伤的女人》而被听众所熟知。1993年，在粤语专辑《十万个为什么？》 中尝试另类音乐的风格。1994年，发行普通话专辑《天空》，并获得十大劲歌金曲颁奖典礼最受欢迎女歌星奖。'),(4,'买辣椒也用券',0,'/img/singerPic/1679383714453卖辣椒也用劵.jpg','1997-08-28 00:00:00','浙江舟山','冯沁苑（1997年8月28－），艺名买辣椒也用券，1997年8月28日出生于浙江省舟山市，中国内地女歌手。毕业于香港浸会大学联合国际学院，以“买辣椒也用券”的网名演唱一首日语歌曲《ヤキモチ》的中文改编曲《起风了》而在网络爆红。'),(5,'蔡健雅',0,'/img/singerPic/1683251093554蔡健雅.jpg','1975-01-28 00:00:00','新加坡','蔡健雅（Tanya Chua），1975年1月28日出生于新加坡，祖籍中国江苏省，现定居于台湾，华语流行乐女歌手、音乐制作人、词曲创作者。'),(6,'吴青峰',1,'/img/singerPic/1683277596455吴青峰.jpg','1982-08-30 00:00:00','台湾','吴青峰（1982年8月30日），出生于中国台湾省台北市，毕业于台湾政治大学，华语流行乐男歌手、词曲创作人，乐团苏打绿、鱼丁糸的主唱'),(7,'邓紫棋',0,'/img/singerPic/1683344430160邓紫棋.jpg','1991-08-16 00:00:00','上海','邓紫棋（G.E.M.），本名邓诗颖，1991年8月16日出生于上海市，中国香港流行乐女歌手、词曲作者、音乐制作人。2008年，发行首张录音室EP《G.E.M.》，凭该EP获得十大劲歌金曲颁奖典礼“最受欢迎女新人奖（金奖）”。'),(8,'周杰伦',1,'/img/singerPic/1683345489156周杰伦.jpg','1979-01-18 00:00:00','台湾','周杰伦（Jay Chou），1979年1月18日出生于台湾省新北市，祖籍福建省泉州市永春县，中国台湾流行乐男歌手、音乐人、演员、导演、编剧，毕业于淡江中学。\n2000年发行首张个人专辑《Jay》。'),(9,'朴树',1,'/img/singerPic/1683346501303朴树.jpg','1973-11-08 00:00:00','北京','朴树，本名濮树，1973年11月8日出生于江苏省南京市，籍贯北京市，中国内地男歌手、音乐制作人、影视演员。\n1996年，签约“麦田音乐”，从而正式进入演艺圈。'),(10,'五月天',2,'/img/singerPic/1683347499972五月天.jpg','1997-03-29 00:00:00','台湾','五月天，中国台湾摇滚乐团，由乐队团长兼吉他手怪兽、主唱阿信、吉他手石头、贝斯玛莎和鼓手冠佑组成。\n\n前身为“So Band”乐团，在1997年3月29日改名为“五月天”，其名称取自玛莎在BBS的代号“MayDay”。1999年，发行首张专辑《第一张创作专辑》。');

/*Table structure for table `song` */

DROP TABLE IF EXISTS `song`;

CREATE TABLE `song` (
  `id` int(11) NOT NULL AUTO_INCREMENT,
  `singer_id` int(11) DEFAULT NULL,
  `name` varchar(255) DEFAULT NULL,
  `introduction` varchar(255) DEFAULT NULL,
  `create_time` datetime DEFAULT NULL,
  `update_time` datetime DEFAULT NULL,
  `pic` varchar(255) DEFAULT NULL,
  `lyric` text,
  `url` varchar(255) DEFAULT NULL,
  PRIMARY KEY (`id`)
) ENGINE=InnoDB AUTO_INCREMENT=15 DEFAULT CHARSET=utf8;

/*Data for the table `song` */

insert  into `song`(`id`,`singer_id`,`name`,`introduction`,`create_time`,`update_time`,`pic`,`lyric`,`url`) values (2,1,'赵雷-我记得','署前街少年','2023-03-08 16:39:05','2023-03-21 11:38:44','/img/songPic/1678419881751800.jpg','[00:00.000] 作词 : 赵雷\n[00:01.000] 作曲 : 赵雷\n[00:02.000] 编曲 : 赵雷\n[00:03.000] 制作人 : 赵雷\n[00:28.15]我带着比身体重的行李 游入尼罗河底  经过几道闪电  看到一堆光圈 不确定是不是这里\n[00:41.78]我看到几个人站在一起 他们拿着剪刀摘走我的行李 擦拭我的脑袋 没有机会返回去\n[00:54.05]\n[00:55.87]直到我听见一个声音 我确定是你\n[01:04.13]可你怎记得我\n[01:09.20]我带来了另界的消息 可我怎么告知你\n[01:17.94]注定失忆着相遇\n[01:22.15]\n[01:23.39]我记得这里是片树林 后面有个山坡 山坡上的枣树每当秋天到来 我们把枣装满口袋\n[01:37.27]我记得除了朋友我还 做过你的叔父 你总喜欢跟在我的屁股后面 只是为了那几个铜钱\n[01:50.96]我记得我们曾是恋人 后来战争爆发 你上战场后就再也没有回来 直到收不到你的信\n[02:04.54]我们总这样重复分离 却要重新开始 相互送别对方 说着来世再见 再次失忆着相聚\n[02:16.84]\n[02:18.54]呜 呜 呜 呜…\n[02:23.35]快来抱抱 快来抱抱我\n[02:31.68]呜 呜 呜 呜…\n[02:34.03]快来抱抱 快来抱抱我\n[02:41.30]\n[03:13.15]在路上我遇到了一位故去多年的人 她是如此年轻 扎着过肩马尾 露出和你一样的笑\n[03:26.78]她和我讲了很多关于你成长的故事 在星空另一端 思念从未停止 如同墓碑上的名字\n[03:39.23]\n[03:40.58]不要哭我最亲爱的人 我最好的玩伴 时空是个圆圈 直行或是转弯 我们最终都会相见\n[03:54.13]在城池的某个拐角处 在夕阳西下时 在万家灯火的某一扇窗纱里 人们失忆着相聚\n[04:06.47]\n[04:08.47]呜 快来抱抱 快来抱抱我\n[04:21.62]呜 快来抱抱 快来抱抱我 我终于找到你\n[05:03.42]呜 快来抱抱 快来抱抱我 我终于找到你\n[05:16.10]\n[05:18.08]\n[05:18.800] 电吉他 : 刘磊/谢星\n[05:19.592] 贝斯 : Damien Banzigou\n[05:20.384] 鼓 : Chris Trzcinski\n[05:21.176] 钢琴 : 姜伯虎\n[05:21.968] 打击乐 : 刘恒/Chris Trzcinski\n[05:22.760] 管风琴 : 赵雷\n[05:23.552] 口琴 : 赵雷\n[05:24.344] 和声 : 朱莉/旭东\n[05:25.136] 录音师 : 张俊\n[05:25.928] 混音师 : 时俊峰\n[05:26.720] 录音室 : 摩登天空/55TEC\n[05:27.512] 录音助理 : 陈彬彬/朱莉\n[05:28.304] 母带工作室 : Sterling Sound\n[05:29.096] 母带工程师 : Randy Merrill\n[05:29.888] 封面设计 : 韩东/小强/阿穆隆','/song/赵雷 - 我记得.mp3'),(5,3,'王菲-传奇','传奇','2023-03-19 19:07:41','2023-03-21 11:32:22','/img/songPic/1679224160060传奇.jpg','[00:00.000] 作词 : 刘兵\n[00:01.000] 作曲 : 李健\n[00:02.000] 编曲 : 讴歌\n[00:36.357]只是因为在人群中 多看了你一眼\n[00:44.009]再也没能忘掉你容颜\n[00:51.488]梦想着偶然能有一天再相见\n[00:58.778]从此我开始孤单思念\n[01:05.390]\n[01:05.598]想你时 你在天边\n[01:13.398]想你时 你在眼前\n[01:20.599]想你时 你在脑海\n[01:28.799]想你时 你在心田\n[01:36.299]宁愿相信我们前世有约\n[01:41.899]今生的爱情故事 不会再改变\n[01:50.598]宁愿用这一生等你发现\n[01:56.819]我一直在你身旁 从未走远\n[02:07.149]\n[02:39.489]只是因为在人群中 多看了你一眼\n[02:46.979]再也没能忘掉你容颜\n[02:56.199]梦想着偶然能有一天再相见\n[03:01.788]从此我开始孤单思念\n[03:08.698]\n[03:08.998]想你时 你在天边\n[03:16.198]想你时 你在眼前\n[03:23.698]想你时 你在脑海\n[03:31.489]想你时 你在心田\n[03:40.180]\n[03:40.280]宁愿相信我们前世有约\n[03:45.799]今生的爱情故事 不会再改变\n[03:54.168]宁愿用这一生等你发现\n[04:00.459]我一直在你身旁 从未走远\n[04:08.759]\n[04:09.489]宁愿相信我们前世有约\n[04:15.459]今生的爱情故事 不会再改变\n[04:24.670]宁愿用这一生等你发现\n[04:30.438]我一直在你身旁 从未走远\n[04:38.849]\n[04:40.200]只是因为在人群中 多看了你一眼\n[04:49.469]','/song/王菲 - 传奇.mp3'),(6,4,'买辣椒也用券-起风了','起风了','2023-03-21 15:31:28','2023-03-21 16:14:49','/img/songPic/1679384036234起风了.jpg','[00:11.95] 填词：米果\n[00:13.53] 谱曲：高桥优\n[00:26.11] 演唱：买辣椒也用券\n[00:29.69] 这一路上走走停停，顺着少年漂流的痕迹\n[00:35.79] 迈出车站的前一刻，竟有些犹豫\n[00:41.53] 不禁笑这近乡情怯，仍无可避免\n[00:47.28] 而长野的天，依旧那么暖\n[00:52.34] 风吹起了从前，从前初识这世间，万般流连\n[00:57.76] 看着天边似在眼前，也甘愿赴汤蹈火去走它一遍\n[01:05.50] 如今走过这世间，万般流连\n[01:10.15] 翻过岁月不同侧脸，措不及防闯入你的笑颜\n[01:18.78] 我曾难自拔于世界之大，也沉溺于其中梦话\n[01:25.81] 不得真假 不做挣扎 ，不惧笑话\n[01:31.33] 我曾将青春翻涌成她，也曾指尖弹出盛夏\n[01:37.92] 心之所动， 且就随缘去吧\n[01:44.01] 逆着光行走 ，任风吹雨打\n[02:00.01] 短短的路走走停停，也有了几分的距离\n[02:06.33] 不知抚摸的是故事 ，还是段心情\n[02:12.49] 也许期待的不过是， 与时间为敌\n[02:18.04] 再次看到你，微凉晨光里，笑的很甜蜜\n[02:23.48] 从前初识这世间，万般流连\n[02:28.17] 看着天边似在眼前，也甘愿赴汤蹈火去走它一遍\n[02:35.95] 如今走过这世间，万般流连\n[02:40.62] 翻过岁月不同侧脸，措不及防闯入你的笑颜\n[02:49.46] 我曾难自拔于世界之大，也沉溺于其中梦话\n[02:56.30] 不得真假， 不做挣扎 ，不惧笑话\n[03:01.79] 我曾将青春翻涌成她，也曾指尖弹出盛夏\n[03:08.34] 心之所动 ，且就随缘去吧\n[03:39.29] 晚风吹起你鬓间的白发，抚平回忆留下的疤\n[03:46.18] 你的眼中 ，明暗交杂 ，一笑生花\n[03:51.65] 暮色遮住你蹒跚的步伐，走进床头藏起的画\n[03:58.73] 画中的你， 低着头说话\n[04:04.74] 我仍感叹于世界之大，也沉醉于儿时情话\n[04:10.91] 不剩真假 ，不做挣扎 ，无谓笑话\n[04:16.63] 我终将青春还给了她，连同指尖弹出的盛夏\n[04:23.68] 心之所动， 就随风去了\n[04:28.95] 以爱之名， 你还愿意吗','/song/买辣椒也用券 - 起风了 (旧版).mp3'),(7,5,'蔡健雅-遗书','遗书','2023-05-05 09:50:53','2023-05-05 09:50:53','/img/songPic/1683251514180遗书.jpg','[00:00.00] 作词 : 蔡健雅/葛大为\r\n[00:01.00] 作曲 : 蔡健雅\r\n[00:02.00] 编曲 : 胡皓\r\n[00:03.00] 制作人 : 蔡健雅/安栋\r\n[00:20.07]编曲 : 胡皓\r\n[00:22.07]\r\n[00:23.07]平常不过的夜晚\r\n[00:28.32]这是我最后一次\r\n[00:31.30]给自己交代\r\n[00:34.11]确定没留下任何遗憾\r\n[00:39.45]没有任何的不安\r\n[00:42.78]跟未知对谈\r\n[00:49.09]我曾爱过的ooh都爱过了\r\n[00:54.54]曾看不开的\r\n[00:56.56]或许不一定都要释怀\r\n[01:00.00]我也认真过了\r\n[01:03.36]付出多过获得\r\n[01:05.53]但愿他们记得\r\n[01:11.04]感动的每一刻\r\n[01:16.45]把留下的泪水\r\n[01:19.13]藏不住的心碎\r\n[01:22.53]写成歌给人安慰\r\n[01:27.43]我闭上眼睛唱着\r\n[01:30.30]感谢这一生没白费\r\n[01:51.72]世界会照样运转\r\n[01:57.10]只是我已出发在旅程另一段\r\n[02:02.76]走在人群中特别孤单\r\n[02:08.08]这个错误的安排\r\n[02:11.42]不需要重来\r\n[02:17.40]我曾爱过的ooh都爱过了\r\n[02:22.98]曾看不开的\r\n[02:24.55]或许不一定都要释怀\r\n[02:28.50]我也认真过了\r\n[02:31.82]付出多过获得\r\n[02:33.89]但愿他们记得\r\n[02:39.27]感动的每一刻\r\n[02:44.77]把留下的泪水\r\n[02:47.59]藏不住的心碎\r\n[02:50.92]写成歌给人安慰\r\n[02:55.82]我闭上眼睛唱着\r\n[02:58.66]感谢这一生没白费\r\n[03:07.57]我会留下什么\r\n[03:10.92]请替我保管\r\n[03:13.30]就别不舍得\r\n[03:15.24]Ooh we\'re gonna make it through\r\n[03:18.75]我是被疼爱的\r\n[03:21.99]我会好好的\r\n[03:24.09]得到你的祝福\r\n[03:29.59]怎么会不想哭\r\n[03:34.96]我会去片大海\r\n[03:37.68]无忧无虑去爱\r\n[03:41.12]像尘埃自由自在\r\n[03:46.18]在那一片大海告别了感慨\r\n[03:52.52]So goodnight\r\n[03:58.24]Goodbye\r\n[04:05.24]\r\n[04:05.74]弦乐编写：胡皓 Henry Hu\r\n[04:06.24]弦乐录音 String Recording:李昕达 @北京唱片厂录音棚\r\n[04:07.24]弦乐乐队 Strings : 国际首席爱乐乐团 International Master Philharmonic Orchestra\r\n[04:08.24]制作人 Producer：蔡健雅 Tanya Chua 安栋AN DONG\r\n[04:09.24]录音 Vocal Recording Engineer：蔡健雅 Tanya Chua\r\n[04:10.24]录音室 Recording Studio：Tangy Music Studio\r\n[04:11.24]混音工程师 Mixing Engineer：Richard Furch\r\n[04:12.24]混音录音室 Mixing Studio：mixHaus studios, Los Angeles\r\n[04:13.24]母带后期处理工程师 Mastering Engineer：Randy Merill\r\n[04:14.24]母带后期处理录音室 Mastering Studio：Sterling Mastering','/song/蔡健雅 - 遗书.mp3'),(8,6,'吴青峰-如果声音不记得','如果声音不记得 电影原声带','2023-05-05 17:22:09','2023-05-05 17:22:09','/img/songPic/1683278613652如果声音不记得.jpg','[00:00.00]如果声音不记得 - 吴青峰\r\n[00:04.09]词：郭敬明/落落\r\n[00:05.43]曲：inDy\r\n[00:05.49]编曲：inDy\r\n[00:05.57]制作人：侯志坚\r\n[00:06.41]制作公司：奥斯特音乐\r\n[00:07.62]吉他：黄宣铭\r\n[00:07.78]贝斯：林奥迪\r\n[00:08.54]鼓：江尚谦\r\n[00:09.29]录音工程师：柯嘉森\r\n[00:10.02]录音棚：强力录音室\r\n[00:10.91]弦乐：曜爆甘音乐工作室\r\n[00:12.30]第一小提琴：蔡曜宇/骆思云\r\n[00:12.71]第二小提琴：沈羿彣/黄瑾诤\r\n[00:14.02]中提琴：甘威鹏/潘自琦\r\n[00:14.37]大提琴：叶欲新/张心维\r\n[00:15.92]低音提琴：吴升耀\r\n[00:16.14]弦乐录音工程师：杨敏奇\r\n[00:17.53]弦乐录音助理：徐振程\r\n[00:17.84]弦乐录音棚：玉成戏院录音室\r\n[00:19.34]混音工程师：王俊杰\r\n[00:19.61]混音录音棚：强力录音室\r\n[00:20.90]母带后期处理工程师：王俊杰\r\n[00:21.32]母带后期处理录音棚：强力录音室\r\n[00:21.96]音乐统筹：王家怡/马琳琳/贾秦楚易\r\n[00:23.26]OP/SP：北京光线影业有限公司\r\n[00:24.59]版权运营：王家怡/李丛@光线影业\r\n[00:27.02]\r\n[00:41.47]如果说 我的声音都记得\r\n[00:47.02]\r\n[00:48.28]念你名字时忐忑 喜悦和苦涩\r\n[00:53.81]如果你是 一曲恋歌\r\n[00:56.29]\r\n[00:56.84]那我是隔窗斜阳一抹\r\n[01:00.69]\r\n[01:01.28]从晨曦到日落\r\n[01:04.01]你是天空飞过的信鸽\r\n[01:08.46]\r\n[01:09.32]我是落款的笔墨\r\n[01:13.86]\r\n[01:16.23]我有万语千言\r\n[01:18.71]藏在颤抖的字里行间\r\n[01:24.61]\r\n[01:25.74]一天一天 一年又一年\r\n[01:28.88]每个转身 恍如初见\r\n[01:31.81]\r\n[01:32.37]思念是春蚕\r\n[01:33.98]一口一口 吃掉时间\r\n[01:38.37]\r\n[01:39.02]春风秋雨 落笔成念\r\n[01:42.25]心花一朵 山野烂漫\r\n[01:45.95]落叶的缠绵\r\n[01:47.84]风的甘愿\r\n[01:49.28]心的花园荒芜一片\r\n[01:52.69]\r\n[01:53.21]倒数的温暖\r\n[01:57.98]\r\n[02:12.60]有灯光 催促我散场\r\n[02:15.92]有心火点亮这场离殇\r\n[02:20.20]心里留了扇窗\r\n[02:22.73]月光照得影子长长长\r\n[02:27.10]\r\n[02:28.25]就让我对爱投降\r\n[02:32.73]\r\n[02:35.06]让我步履成霜\r\n[02:37.70]归途日暮中跌跌撞撞\r\n[02:44.46]一天一天 一年又一年\r\n[02:47.78]心有惊鸿 身如灰雁\r\n[02:50.55]\r\n[02:51.21]离去的少年\r\n[02:52.85]风尘仆仆 见字如面\r\n[02:57.79]春风秋雨 落笔成念\r\n[03:01.03]心花一朵 山野烂漫\r\n[03:05.09]落叶的缠绵\r\n[03:06.67]风的甘愿\r\n[03:08.37]心的花园荒芜一片\r\n[03:11.81]倒数的温暖\r\n[03:18.97]\r\n[03:20.09]誓言总贪婪无当 对稻草紧抓不放\r\n[03:26.49]月光把泪吹凉\r\n[03:31.21]爱和恨天各一方 我们遍体鳞伤\r\n[03:36.73]梦却安然无恙 不思量 自难忘\r\n[03:45.93]\r\n[03:49.41]一天一天 一年又一年\r\n[03:52.96]每个转身 恍如初见\r\n[03:56.50]离去的少年\r\n[03:57.99]风尘仆仆 见字如面\r\n[04:03.12]春风秋雨 落笔成念\r\n[04:06.23]心花一朵 山野烂漫\r\n[04:09.93]落叶的成全\r\n[04:11.72]风的执念\r\n[04:13.48]故地重游脚步轻浅\r\n[04:17.32]不甘的甘愿\r\n[04:21.39]\r\n[04:23.72]不甘的甘愿','/song/吴青峰 - 如果声音不记得.mp3'),(9,1,'赵雷-程艾影','署前街少年','2023-05-06 11:20:05','2023-05-06 11:20:05','/img/songPic/1683343313951程艾影.jpg','[00:00.00] 作词 : 赵雷\r\n[00:01.00] 作曲 : 赵雷\r\n[00:02.00] 编曲 : 赵雷\r\n[00:03.00] 制作人 : 赵雷\r\n[00:41.83]伍岚正和程艾影从上海到武汉\r\n[00:49.60]他们要坐十天马车三天两夜的轮船\r\n[01:00.78]泥路上艾影含着糖靠着岚正的肩膀\r\n[01:08.52]马车经过村庄 石路颠簸不渝的情肠\r\n[01:16.41]\r\n[01:16.67]一路望 跌跌撞 午夜流星何去何往\r\n[01:25.06]路海长 青夜旷 越过群山追斜阳\r\n[01:33.53]\r\n[01:51.43]拨开面纱回望故乡 只见潮湿的月亮\r\n[01:59.17]雨水冲不掉常德路上爬满蛛网的门窗\r\n[02:08.03]梦里回到他的身旁 蜜语中风不再凉\r\n[02:15.81]永远都像初次见你那样 使我心荡漾\r\n[02:23.60]\r\n[02:23.70]没有奇迹 没有惊喜 尘埃里花不会哭泣\r\n[02:32.33]没有质疑 没有道理 褶皱的信乘飞雨\r\n[02:41.61]\r\n[02:58.07]一路望 跌跌撞 午夜流星何去何往\r\n[03:06.07]路海长 青夜旷 越过群山追斜阳\r\n[03:14.36]\r\n[03:14.58]没有奇迹 没有惊喜 尘埃里花不会哭泣\r\n[03:22.70]没有质疑 没有道理 褶皱的信乘飞雨\r\n[03:31.72]\r\n[04:12.20]漫山遍野你的脸庞 唯有遗忘是最漫长\r\n[04:20.13]这是一条必经的路 没有指引出口的光\r\n[04:31.17]\r\n[04:50.27]\r\n[04:50.75] 编曲：PUPU朴朴、赵雷\r\n[04:51.23] 木吉他：赵雷\r\n[04:51.71] 电吉他：董长跃 \r\n[04:52.19] 木吉他SOLO：PUPU朴朴\r\n[04:52.68] 鼓：Chris Trzcinski\r\n[04:53.16] 钢琴：姜伯虎\r\n[04:53.64] Double Bass：大中\r\n[04:54.12] 大提琴：张乃文\r\n[04:54.60] 打击乐：Chris Trzcinski\r\n[04:55.09] 合成器：赵二\r\n[04:55.57] 采样：PUPU朴朴\r\n[04:56.05] 笛子：祝子\r\n[04:56.53] 口琴：赵雷\r\n[04:57.01] 和声：朱莉、旭东\r\n[04:57.50] 录音师：张俊\r\n[04:57.98] 混音师：姜北生\r\n[04:58.46] 录音室：摩登天空\r\n[04:58.94] 录音助理：陈彬彬、朱莉\r\n[04:59.42] 母带工程室：Sterling Sound\r\n[04:59.91] 母带工程师：Randy Merrill\r\n[05:00.39] 封面设计：韩东、小强、阿穆隆','/song/赵雷 - 程艾影.mp3'),(10,5,'蔡健雅-红色高跟鞋','若你碰到他','2023-05-06 11:28:49','2023-05-06 11:28:49','/img/songPic/1683343823555红色高跟鞋.jpg','[00:00.000] 作词 : 蔡健雅\r\n[00:01.000] 作曲 : 蔡健雅\r\n[00:02.000] 编曲 : Adam Lee\r\n[00:22.297]该怎么去形容你最贴切\r\n[00:27.664]拿什么跟你作比较才算特别\r\n[00:33.220]对你的感觉 强烈\r\n[00:35.946]却又不太了解 只凭直觉\r\n[00:42.162]你像窝在被子里的舒服\r\n[00:47.482]却又像风捉摸不住\r\n[00:52.662]像手腕上散发的香水味\r\n[00:58.276]像爱不释手的 红色高跟鞋\r\n[01:16.727]该怎么去形容你最贴切\r\n[01:22.284]拿什么跟你作比较才算特别\r\n[01:27.738]对你的感觉 强烈\r\n[01:30.458]却又不太了解 只凭直觉\r\n[01:36.782]你像窝在被子里的舒服\r\n[01:42.000]却又像风捉摸不住\r\n[01:47.117]像手腕上散发的香水味\r\n[01:52.977]像爱不释手的 红色高跟鞋\r\n[02:14.858]你像窝在被子里的舒服\r\n[02:20.150]却又像风捉摸不住\r\n[02:25.305]像手腕上散发的香水味\r\n[02:30.847]像爱不释手的\r\n[02:35.815]我爱你有种左灯右行的冲突\r\n[02:42.015]疯狂却怕没有退路\r\n[02:47.065]你能否让我停止这种追逐\r\n[02:53.631]就当那双 最后唯一的\r\n[02:58.147]红色高跟鞋','/song/蔡健雅 - 红色高跟鞋.mp3'),(11,7,'邓紫棋-句号','摩天动物园','2023-05-06 11:43:13','2023-05-06 11:43:13','/img/songPic/1683344612817句号.jpg','[00:00.00] 作词 : G.E.M.邓紫棋\r\n[00:01.00] 作曲 : G.E.M.邓紫棋\r\n[00:02.00] 编曲 : G.E.M.邓紫棋/T-Ma\r\n[00:03.00] 制作人 : G.E.M.邓紫棋/T-Ma\r\n[00:06.31]可惜我们终于来到\r\n[00:10.18]一个句号\r\n[00:13.16]窗外不愿飞的蜂鸟\r\n[00:16.58]也在哀悼\r\n[00:19.67]城市再也不会听到\r\n[00:23.44]我们争吵\r\n[00:26.42]你会不会少了一点烦恼\r\n[00:33.03]回到十二年前\r\n[00:34.72]回忆就在眼前\r\n[00:36.69]你戴着帽子而我样子\r\n[00:38.70]带着腼腆\r\n[00:39.65]不过第一次的见面\r\n[00:41.59]你说你有先见\r\n[00:43.11]我的先天被训练过\r\n[00:45.03]我能有片天\r\n[00:46.37]我当时天真寡见鲜闻\r\n[00:49.50]不像成年人有能力辨认\r\n[00:52.53]不是为了赚了有钱分\r\n[00:54.83]我为我的前程\r\n[00:56.51]希望我写的歌里面\r\n[00:58.41]有更好的和弦声\r\n[00:59.87]时针滴滴答\r\n[01:03.06]你还记得吗\r\n[01:06.36]说句心里话\r\n[01:09.73]你还怀念吗\r\n[01:13.10]第一次发唱片\r\n[01:14.73]就一马当先\r\n[01:16.40]从此在大场面\r\n[01:17.86]我不再站旁边\r\n[01:19.86]我是真的感谢\r\n[01:21.20]佩服你的眼界\r\n[01:22.94]怎么想到\r\n[01:23.90]和你是带着刺痛地完结\r\n[01:27.18]你看着一朵花慢慢萌芽\r\n[01:30.31]我却看着你意气慢慢风发\r\n[01:33.12]欲望聚沙成塔\r\n[01:34.80]价值慢慢分岔\r\n[01:36.25]太多失望\r\n[01:37.04]让我对你的信任慢慢崩塌\r\n[01:39.73]可惜我们终于来到\r\n[01:43.48]一个句号\r\n[01:46.35]窗外不愿飞的蜂鸟\r\n[01:50.17]也在哀悼\r\n[01:52.98]城市再也不会听到\r\n[01:56.75]我们争吵\r\n[01:59.66]你会不会少了一点烦恼\r\n[02:06.40]时针滴滴答\r\n[02:09.71]你还记得吗\r\n[02:13.03]说句心里话\r\n[02:16.40]你还怀念吗\r\n[02:19.05]你说我是个商品\r\n[02:20.76]没有你我就不可以\r\n[02:22.43]这些扭曲的真理\r\n[02:24.06]差点毁掉我的自信\r\n[02:25.80]如今的我已觉醒\r\n[02:27.37]如今我不再哭泣\r\n[02:29.11]再不怕坚持自己\r\n[02:30.62]做你没做对的决定\r\n[02:32.53]你知道吗\r\n[02:33.65]这一辈子除了我的爸爸\r\n[02:37.04]你曾是我最信任的男人吧\r\n[02:39.70]但空白的娃娃\r\n[02:41.21]总会慢慢长大\r\n[02:42.84]抱歉我没法\r\n[02:43.91]永远当你听话的傻瓜\r\n[02:46.38]可惜我们终于来到\r\n[02:50.09]一个句号\r\n[02:53.00]窗外不愿飞的蜂鸟\r\n[02:56.93]也在哀悼\r\n[02:59.82]城市再也不会听到\r\n[03:03.53]我们争吵\r\n[03:06.46]你会不会少了一点烦恼\r\n[03:10.11]我们终于来到\r\n[03:12.07]一个句号\r\n[03:15.12]多少年里多少遍你\r\n[03:13.07]\r\n[03:18.78]多少错却没多少歉意\r\n[03:16.92]\r\n[03:22.06]但过去了就不再介意\r\n[03:20.16]\r\n[03:23.82]把珍贵的放心里\r\n[03:23.06]\r\n[03:25.11]把痛的伤的全都忘记\r\n[03:28.75]我青春的全部回忆\r\n[03:26.78]\r\n[03:31.67]那爱的恨的全都是你\r\n[03:30.20]\r\n[03:35.79]希望你偶尔也会想起\r\n[03:33.66]\r\n[03:37.14]就让我真心真意\r\n[03:38.43]把歌唱完重新开始\r\n[03:40.12]时针滴滴答\r\n[03:43.09]你还记得吗\r\n[03:46.29]说句心里话\r\n[03:49.95]你还怀念吗\r\n[03:51.84] 和音 : G.E.M.邓紫棋\r\n[03:53.73] 混音 : Richard Furch\r\n[03:55.63] 母带 : Randy Merrill @ Sterling Sound','/song/G.E.M.邓紫棋 - 句号.mp3'),(12,8,'周杰伦-七里香','七里香','2023-05-06 12:02:39','2023-05-06 12:02:39','/img/songPic/1683345816151七里香.jpg','[00:00.00]周杰伦-七里香\r\n[00:05.00]专辑：七里香\r\n[00:10.01]作词：方文山　作曲：周杰伦\r\n[00:28.03]窗外的麻雀\r\n[00:32.02]在电线杆上多嘴\r\n[00:35.09]你说这一句\r\n[00:38.21]很有夏天的感觉\r\n[00:42.01]手中的铅笔\r\n[00:45.15]在纸上来来回回\r\n[00:48.22]我用几行字形容你是我的谁\r\n[00:54.10]秋刀鱼的滋味\r\n[00:58.30]猫跟你都想了解\r\n[01:02.22]初恋的香味就这样被我们寻回\r\n[01:09.09]那温暖的阳光\r\n[01:12.11]象刚摘的鲜艳草莓\r\n[01:15.12]你说你舍不得吃掉这一种感觉\r\n[01:22.08][01:49.22][02:43.13][03:37.08]雨下整夜 我的爱溢出就象雨水\r\n[01:29.02][02:50.05][03:44.08]院子落叶 跟我的思念厚厚一叠\r\n[01:36.12][02:57.21][03:51.14]几句是非 也无法将我的热情冷却\r\n[01:43.15][03:04.12][03:58.13]你出现在我诗的每一页\r\n[01:56.22][04:11.06]窗台蝴蝶 象诗里纷飞的美丽章节\r\n[02:03.03][04:18.13]我接着写 把永远爱你写进诗的结尾\r\n[02:11.03][04:26.10]你是我唯一想要的了解\r\n[03:10.01]那饱满的稻穗\r\n[03:14.03]幸福了这个季节\r\n[03:17.09]而你的脸颊象田里熟透的蕃茄\r\n[03:24.11]你突然对我说\r\n[03:27.02]七里香的名字很美\r\n[03:31.09]我此刻却只想亲吻你倔强的嘴\r\n[04:05.08]整夜 我的爱溢出就象雨水','/song/周杰伦 - 七里香.mp3'),(13,9,'朴树-平凡之路','猎户星座','2023-05-06 12:19:25','2023-05-06 12:19:25','/img/songPic/1683346821214平凡之路.jpg','[00:02.39]平凡之路\r\n[00:03.62]演唱：朴树\r\n[00:05.23]作词：朴树、韩寒\r\n[00:07.78]作曲：朴树 \r\n[00:09.28]\r\n[00:11.78]徘徊着的 在路上的\r\n[00:17.37]你要走吗 via via \r\n[00:23.16]易碎的骄傲着\r\n[00:28.87]那也曾是我的模样 \r\n[00:34.56]沸腾着的 不安着的\r\n[00:40.31]你要去哪儿 via via \r\n[00:46.09]谜样的 沉着的\r\n[00:51.77]故事你真的在听吗 \r\n[00:56.20]我曾经跨过山河大海\r\n[00:59.40]也穿过人山人海 \r\n[01:01.82]我曾经拥有着的一切\r\n[01:04.88]转眼都飘散如烟 \r\n[01:07.71]我曾经失落 失望\r\n[01:09.86]失掉所有方向 \r\n[01:13.55]直到看见平凡才是唯一的答案 \r\n[01:31.85]当你仍然还在幻想\r\n[01:37.56]你的明天 via via \r\n[01:43.05]他会很暖还是很冷\r\n[01:48.64]对我而言是另一天 \r\n[01:53.29]我曾经毁了我的一切\r\n[01:56.40]只想永远地离开 \r\n[01:59.06]我曾经堕入雾的黑暗\r\n[02:02.15]想挣扎无法自拔 \r\n[02:04.87]我曾经像你像他像那野草野花 \r\n[02:10.76]绝望着也渴望着\r\n[02:13.42]也哭也笑平凡着 \r\n[03:24.80]我曾经跨过山河大海\r\n[03:28.03]也穿过人山人海 \r\n[03:30.47]我曾经拥有着的一切\r\n[03:33.55]转眼都飘散如烟 \r\n[03:36.24]我曾经失落 失望\r\n[03:38.50]失掉所有方向 \r\n[03:41.96]直到看见平凡才是唯一的答案 \r\n[03:47.76]我曾经毁了我的一切\r\n[03:50.95]只想永远地离开 \r\n[03:53.39]我曾经堕入雾的黑暗\r\n[03:56.39]想挣扎无法自拔 \r\n[03:59.04]我曾经 像你 像他\r\n[04:01.24]像那野草 野花 \r\n[04:04.71]绝望着也渴望着\r\n[04:07.72]也哭也笑平凡着 \r\n[04:10.24]我曾经跨过山河大海\r\n[04:13.64]也穿过人山人海 \r\n[04:16.11]我曾经问了整个世界\r\n[04:19.30]从来没得到答案 \r\n[04:21.89]我不过像你 像他\r\n[04:24.20]像那野草 野花 \r\n[04:27.76]冥冥中\r\n[04:29.37]这是我唯一要走的路啊 \r\n[04:34.70]时间如烟 如此这般\r\n[04:40.25]明天已在 yie yie \r\n[04:46.00]风吹过的 如云烟\r\n[04:51.65]你的故事讲到了哪儿','/song/朴树 - 平凡之路.mp3'),(14,10,'五月天-玫瑰少年','玫瑰少年','2023-05-06 12:32:56','2023-05-06 12:32:56','/img/songPic/1683347625395玫瑰少年.jpg','[00:00.00] 作词 : 五月天 阿信/蔡依林\r\n[00:01.00] 作曲 : 蔡依林/剃刀蔣\r\n[00:02.00] 编曲 : 剃刀蔣\r\n[00:03.00] 制作人 : 五月天\r\n[00:11.19]谁把谁的灵魂 装进谁的身体\r\n[00:16.21]谁把谁的身体 变成囹圄囚禁自己\r\n[00:20.84]乱世总是最 不缺耳语\r\n[00:23.39]哪种美丽会 换来妒忌\r\n[00:25.83]你并没有罪 有罪的是这世界\r\n[00:30.90]生而为人无罪 你不需要抱歉\r\n[00:35.90]One day I will be you baby boy and you gon\'be me\r\n[00:40.94]喧哗如果不停 让我陪你安静\r\n[00:45.87]I wish I could hug you till you\'re really really being free\r\n[00:50.31]哪朵玫瑰没有荆棘\r\n[00:55.55]最好的 报复是 美丽\r\n[00:58.12]最美的 盛开是 反击\r\n[01:00.28]别让谁去 改变了你\r\n[01:05.56]你是你 或是妳 都行\r\n[01:08.10]会有人 全心的 爱你\r\n[01:20.58]试着想像 you switched to his body\r\n[01:23.07]sexuality 当心什么会伤你\r\n[01:25.33]多少次的重伤 多少次的冷语\r\n[01:27.80]Drowning 谁会拉你\r\n[01:29.13]Dreaming 谁会陪你\r\n[01:30.58]Same s**t happens every day\r\n[01:33.04]你离开后 世界可改变\r\n[01:35.59]多少无知罪愆 事过不境迁\r\n[01:38.20]永志不忘纪念 往事不如烟\r\n[01:40.90]生而为人无罪 你不需要抱歉\r\n[01:45.88]One day I will be you baby boy and you gon\'be me\r\n[01:50.87]喧哗如果不停 让我陪你安静\r\n[01:55.78]I wish I could hug you till you\'re really really being free\r\n[02:00.11]哪朵玫瑰没有荆棘\r\n[02:05.57]最好的 报复是 美丽\r\n[02:08.13]最美的 盛开是 反击\r\n[02:10.29]别让谁去 改变了你\r\n[02:15.53]你是你 或是妳 都行\r\n[02:18.11]会有人 全心的 爱你\r\n[02:40.31]玫瑰少年 在我心里\r\n[02:45.63]绽放着 鲜艳的 传奇\r\n[02:48.14]我们都 从来没 忘记\r\n[02:50.37]你的控诉 没有声音\r\n[02:55.62]却倾诉 更多的 真理\r\n[02:58.12]却唤醒 无数的 真心\r\n[03:00.23]哪朵玫瑰没有荆棘\r\n[03:05.56]最好的 报复是 美丽\r\n[03:08.07]最美的 盛开是 反击\r\n[03:10.31]别让谁去 改变了你\r\n[03:15.55]你是你 或是妳 都行\r\n[03:18.08]会有人 全心的 爱你\r\n[03:20.40]玫瑰少年 在我心里\r\n[03:30.33]玫瑰少年 在我心里\r\n[03:35.33]\r\n[03:54.90]ISRC TW-K23-19-81660\r\n[03:54.92] 制作 : 五月天\r\n[03:54.94] 乐器演奏 : 五月天\r\n[03:54.96] 钢琴 : 赖暐哲\r\n[03:54.98] 合成器演奏 : 赖暐哲\r\n[03:55.00] 弦乐编写 : 赖暐哲\r\n[03:55.02] 弦乐监制 : 蔡曜宇\r\n[03:55.04] 弦乐 : 曜爆甘音乐工作室\r\n[03:55.06] 第一小提琴 : 蔡曜宇/陈泱瑾/骆思云/陈奕勇\r\n[03:55.08] 第二小提琴 : 卢思蒨/朱奕宁/黄雨柔/黄瑾诤\r\n[03:55.11] 中提琴 : 甘威鹏/牟启东/张仁豪\r\n[03:55.13] 大提琴 : 刘涵 （隐分子）/叶欲新\r\n[03:55.15] 弦乐录音师 : 林尚伯\r\n[03:55.17] 弦乐录音室 : 强力录音室\r\n[03:55.19] 和声编写 : 张胜凯\r\n[03:55.21] 和声 : 邹謦蓬\r\n[03:55.23] 录音 : 黄士杰 @五月天录音室\r\n[03:55.25] 混音 : 黄士杰 @五月天录音室\r\n[03:55.27] 制作助理 : 江昆余/詹宏业\r\n[03:55.29] OP : 认真工作室\r\n[03:55.32] SP : 相信音乐国际股份有限公司','/song/五月天 - 玫瑰少年.mp3');

/*Table structure for table `song_list` */

DROP TABLE IF EXISTS `song_list`;

CREATE TABLE `song_list` (
  `id` int(11) NOT NULL AUTO_INCREMENT,
  `title` varchar(255) DEFAULT NULL,
  `pic` varchar(255) DEFAULT NULL,
  `introduction` varchar(255) DEFAULT NULL,
  `style` varchar(255) DEFAULT NULL,
  PRIMARY KEY (`id`)
) ENGINE=InnoDB AUTO_INCREMENT=2 DEFAULT CHARSET=utf8;

/*Data for the table `song_list` */

insert  into `song_list`(`id`,`title`,`pic`,`introduction`,`style`) values (1,'治愈的风｜即使一个人, 也请好好生活','/img/songListPic/1678678431113OIP-C.jpg','保持天真，也保持内心的丰盈。人间美景有好多，每个人亦有自己的节奏，不强求则安乐。人生有许多无趣的时光，我只愿与自己消磨。小王子在遇到他的玫瑰花之前，也曾独自生活在B-612这颗小星星上。','治愈、华语、民谣');

/*!40101 SET SQL_MODE=@OLD_SQL_MODE */;
/*!40014 SET FOREIGN_KEY_CHECKS=@OLD_FOREIGN_KEY_CHECKS */;
/*!40014 SET UNIQUE_CHECKS=@OLD_UNIQUE_CHECKS */;
/*!40111 SET SQL_NOTES=@OLD_SQL_NOTES */;
